checkpoint-relative path	original absolute path	classification	SHA-256	mode	executable	symlink	symlink target	generated	machine-specific	restoration destination	purpose
home/.config/alacritty/alacritty.toml	/home/snehil/.config/alacritty/alacritty.toml	PRESERVE EXACTLY	fe78a562366bbbc834cdfd4d722ecf3f4eef13dea7d5a28ec8b8f7ee43d4924a	0644	no	no		no	no	/home/snehil/.config/alacritty/alacritty.toml	alacritty
home/.config/alacritty/themes/noctalia.toml	/home/snehil/.config/alacritty/themes/noctalia.toml	PRESERVE EXACTLY	5d634549b815bb373e18e8471486d908d0e0e47f71da6cb9a584febef7cb5c42	0644	no	no		no	no	/home/snehil/.config/alacritty/themes/noctalia.toml	alacritty
home/.config/btop/btop.conf	/home/snehil/.config/btop/btop.conf	PRESERVE EXACTLY	894036c47809d4e1e26570671c462e0519e7393fe1fc5310aaebf80c597a5cea	0644	no	no		no	no	/home/snehil/.config/btop/btop.conf	btop
home/.config/btop/themes/noctalia.theme	/home/snehil/.config/btop/themes/noctalia.theme	PRESERVE EXACTLY	82d7094198260ba8dd947919bdafd2a3791639e41e273a44e99f3aef82c671b6	0644	no	no		no	no	/home/snehil/.config/btop/themes/noctalia.theme	btop
home/.config/code-flags.conf	/home/snehil/.config/code-flags.conf	PRESERVE EXACTLY	c057850a79968ebce2edf839e627487b82cdc23374f3d9318a3b117723c51bfc	0644	no	no		no	no	/home/snehil/.config/code-flags.conf	code-flags.conf
home/.config/dolphinrc	/home/snehil/.config/dolphinrc	PRESERVE EXACTLY	a62d078eb3851e4a79036e238d33c5df145f025a6bb0f75a556261ddf85faf9f	0644	no	no		no	no	/home/snehil/.config/dolphinrc	dolphinrc
home/.config/fish/config.fish	/home/snehil/.config/fish/config.fish	PRESERVE EXACTLY	845f16b8b3fe23b297fb50e4431df935767202edd242dde7cac67e1bb72086b1	0644	no	no		no	no	/home/snehil/.config/fish/config.fish	fish
home/.config/fish/fish_variables	/home/snehil/.config/fish/fish_variables	PRESERVE EXACTLY	2dcfcbdfaf17946e4b9abebfe9e22eac18784b67c5cce47751af7ff6e8fb1bd9	0600	no	no		no	no	/home/snehil/.config/fish/fish_variables	fish
home/.config/fuzzel/fuzzel.ini	/home/snehil/.config/fuzzel/fuzzel.ini	PRESERVE EXACTLY	6df74da6a49fc6513c9624a864d14ac2a0058be7e28b0e3bc1c2403179b7eccb	0644	no	no		no	no	/home/snehil/.config/fuzzel/fuzzel.ini	fuzzel
home/.config/ghostty/config	/home/snehil/.config/ghostty/config	PRESERVE EXACTLY	1a63aa027999d93d3f1d3525a0345f2075c916737230b68f6554757bd330eea0	0644	no	no		no	no	/home/snehil/.config/ghostty/config	ghostty
home/.config/gtk-3.0/gtk.css	/home/snehil/.config/gtk-3.0/gtk.css	PRESERVE EXACTLY	399d0926b38940f071daafa1b5d207c8100a9f9f69b4aa9549d99b3318e20d74	0644	no	no		no	no	/home/snehil/.config/gtk-3.0/gtk.css	gtk-3.0
home/.config/gtk-3.0/settings.ini	/home/snehil/.config/gtk-3.0/settings.ini	PRESERVE EXACTLY	7db777bdfb350f0e575ebcfce41f26935f411f14bc93fc6fae164f6c9d2e5eff	0644	no	no		no	no	/home/snehil/.config/gtk-3.0/settings.ini	gtk-3.0
home/.config/gtk-4.0/assets	/home/snehil/.config/gtk-4.0/assets	PRESERVE EXACTLY	e39b8fd6703a19bf51ff41b794de394524a712e139cfd37928acb6c6d50481fc	0777	no	yes	/usr/share/themes/adw-gtk3-dark/gtk-4.0/assets	no	no	/home/snehil/.config/gtk-4.0/assets	gtk-4.0
home/.config/gtk-4.0/gtk-dark.css	/home/snehil/.config/gtk-4.0/gtk-dark.css	PRESERVE EXACTLY	c0dd13a0944b01d82547e8a09337d8a74348554c0c69fb9d0e5005c61ac8e56e	0777	no	yes	/usr/share/themes/adw-gtk3-dark/gtk-4.0/gtk-dark.css	no	no	/home/snehil/.config/gtk-4.0/gtk-dark.css	gtk-4.0
home/.config/gtk-4.0/gtk.css	/home/snehil/.config/gtk-4.0/gtk.css	PRESERVE EXACTLY	2d45bc32b54e203a065dbaff7a5d76f44d32c093eca1ef23305cb7a014939dd4	0644	no	no		no	no	/home/snehil/.config/gtk-4.0/gtk.css	gtk-4.0
home/.config/gtk-4.0/settings.ini	/home/snehil/.config/gtk-4.0/settings.ini	PRESERVE EXACTLY	15bdb2fd4de5e1af036c180401d8ecdd684fde2d18e23fd6fd1fdd01b60fd71b	0644	no	no		no	no	/home/snehil/.config/gtk-4.0/settings.ini	gtk-4.0
home/.config/hypr/config/animations.lua	/home/snehil/.config/hypr/config/animations.lua	PRESERVE EXACTLY	8859aa901cabba083c179afa152e9fa40a5565f314754c2b749d1bf3fe69e683	0644	no	no		no	yes	/home/snehil/.config/hypr/config/animations.lua	hypr
home/.config/hypr/config/autostart.lua	/home/snehil/.config/hypr/config/autostart.lua	PRESERVE EXACTLY	500ecc5fd8546ea5785778a1ed178624d844af6e575e053584bcc8764b4b28f0	0644	no	no		no	yes	/home/snehil/.config/hypr/config/autostart.lua	hypr
home/.config/hypr/config/binds.lua	/home/snehil/.config/hypr/config/binds.lua	PRESERVE EXACTLY	3f8409e994ce96b90e7b07507a6b2b7f549632957626f9c754a103687fd289cb	0644	no	no		no	yes	/home/snehil/.config/hypr/config/binds.lua	hypr
home/.config/hypr/config/binds.lua.before-v6	/home/snehil/.config/hypr/config/binds.lua.before-v6	PRESERVE EXACTLY	18ccd6535b8761ddc9f21adc6c15d2dda3d03519cd459b3c43079286d0bb8354	0644	no	no		no	yes	/home/snehil/.config/hypr/config/binds.lua.before-v6	hypr
home/.config/hypr/config/colors.lua	/home/snehil/.config/hypr/config/colors.lua	PRESERVE EXACTLY	e32ea13e5dce785b27e9b57cf1864e585683fc1278d30ea2482e54c3e5ce791a	0644	no	no		no	yes	/home/snehil/.config/hypr/config/colors.lua	hypr
home/.config/hypr/config/decorations.lua	/home/snehil/.config/hypr/config/decorations.lua	PRESERVE EXACTLY	af8dfad11a25f820cfa92e2143e7208c907c53d1412bf5fb1c932e31a29bfc08	0644	no	no		no	yes	/home/snehil/.config/hypr/config/decorations.lua	hypr
home/.config/hypr/config/environment.lua	/home/snehil/.config/hypr/config/environment.lua	PRESERVE EXACTLY	9b3d577945fb6b0353f14190d8a61f10130ecc311b1ee44eef4cf6b9c10ed8aa	0644	no	no		no	yes	/home/snehil/.config/hypr/config/environment.lua	hypr
home/.config/hypr/config/inputs.lua	/home/snehil/.config/hypr/config/inputs.lua	PRESERVE EXACTLY	fcf50374d3085308c615e0decf61ed4463af5bf5fbca2385cf0ce1a61fab3d1b	0644	no	no		no	yes	/home/snehil/.config/hypr/config/inputs.lua	hypr
home/.config/hypr/config/layers.lua	/home/snehil/.config/hypr/config/layers.lua	PRESERVE EXACTLY	cec2a28ef8145a3515d0ae33a0733a8f678eb0615e1aa47f3e5154c508e440d0	0644	no	no		no	yes	/home/snehil/.config/hypr/config/layers.lua	hypr
home/.config/hypr/config/misc.lua	/home/snehil/.config/hypr/config/misc.lua	PRESERVE EXACTLY	b5111d3ba96f8628ecd14ba021045139ccfbead440b1c6613b82f38b6150328d	0644	no	no		no	yes	/home/snehil/.config/hypr/config/misc.lua	hypr
home/.config/hypr/config/monitors.lua	/home/snehil/.config/hypr/config/monitors.lua	PRESERVE EXACTLY	37dcde384ca29fc99fc453ee1df0c701a911360705f11b8f06037107b3ced89a	0644	no	no		no	yes	/home/snehil/.config/hypr/config/monitors.lua	hypr
home/.config/hypr/config/variables.lua	/home/snehil/.config/hypr/config/variables.lua	PRESERVE EXACTLY	36255e709108a3f70d5445b09ed555cc2dc5fc06a446667ce6386f9f3d1d7bcf	0644	no	no		no	yes	/home/snehil/.config/hypr/config/variables.lua	hypr
home/.config/hypr/config/windowrules.lua	/home/snehil/.config/hypr/config/windowrules.lua	PRESERVE EXACTLY	b93f7afb1e721a0ac950a7512305f95bbde357e3a636d9bd62ea6b727ffdad82	0644	no	no		no	yes	/home/snehil/.config/hypr/config/windowrules.lua	hypr
home/.config/hypr/config/workspaces.lua	/home/snehil/.config/hypr/config/workspaces.lua	PRESERVE EXACTLY	508bc7a9456bcf3a1f73443837126755c5dd6701b2509d957641ccbd4f67f5ca	0644	no	no		no	yes	/home/snehil/.config/hypr/config/workspaces.lua	hypr
home/.config/hypr/hyprland.lua	/home/snehil/.config/hypr/hyprland.lua	PRESERVE EXACTLY	4ab885c109067ab54edba031a98fd75aa85b386a9c63577b3d2f74e97c94ac51	0644	no	no		no	yes	/home/snehil/.config/hypr/hyprland.lua	hypr
home/.config/hypr/hyprlock.conf	/home/snehil/.config/hypr/hyprlock.conf	PRESERVE EXACTLY	2b51049961aec1ca6f9a157963da793ec5c54a5130e5e966eeacaf0a21490bf6	0644	no	no		no	yes	/home/snehil/.config/hypr/hyprlock.conf	hypr
home/.config/hypr/xdph.conf	/home/snehil/.config/hypr/xdph.conf	PRESERVE EXACTLY	563f7c32610f07e005ba370781faf84408c565d132ac401d583abdd683bdb479	0644	no	no		no	yes	/home/snehil/.config/hypr/xdph.conf	hypr
home/.config/kdeglobals	/home/snehil/.config/kdeglobals	PRESERVE EXACTLY	9f3e19316b3ef63c7eef72db20cc4c418375af64613475d5447700ba77763ed8	0644	no	no		no	no	/home/snehil/.config/kdeglobals	kdeglobals
home/.config/kitty/kitty.conf	/home/snehil/.config/kitty/kitty.conf	PRESERVE EXACTLY	9fe05d9e0821271f1a640ba31d9b2dfdd7baffde0f9edf53e252c97ab0fac3fa	0644	no	no		no	no	/home/snehil/.config/kitty/kitty.conf	kitty
home/.config/kitty/themes/noctalia.conf	/home/snehil/.config/kitty/themes/noctalia.conf	PRESERVE EXACTLY	e70449ca6e4d05b495cd2b926a389597309c0c99e55ee80a3f7ca51a985be365	0644	no	no		no	no	/home/snehil/.config/kitty/themes/noctalia.conf	kitty
home/.config/marktext/preferences.json	/home/snehil/.config/marktext/preferences.json	PRESERVE EXACTLY	431933682b4469a8630681fa5af6bbb5c0578ec9d7a588939a88b95558707aad	0644	no	no		no	no	/home/snehil/.config/marktext/preferences.json	marktext
home/.config/matugen/config.toml	/home/snehil/.config/matugen/config.toml	PRESERVE EXACTLY	1fa7537617806ca614a73238655e6b2ffd17958dc69497aa43787b2a5d5a5e59	0644	no	no		no	no	/home/snehil/.config/matugen/config.toml	matugen
home/.config/matugen/templates/ghostty-theme	/home/snehil/.config/matugen/templates/ghostty-theme	PRESERVE EXACTLY	8ee39c0508bff508da3b6c797f6eb6dc7d63fa2e96d259806e24e226ea98de36	0644	no	no		no	no	/home/snehil/.config/matugen/templates/ghostty-theme	matugen
home/.config/matugen/templates/palette.json	/home/snehil/.config/matugen/templates/palette.json	PRESERVE EXACTLY	482c63dca9bedefe2396f8d6a5ac52c32337dcb1c4679635db04254e0169fdc8	0644	no	no		no	no	/home/snehil/.config/matugen/templates/palette.json	matugen
home/.config/matugen/templates/waybar-colors.css	/home/snehil/.config/matugen/templates/waybar-colors.css	PRESERVE EXACTLY	1274cfe8613d2b5097d0dc8ee5cbd62c834ed0c1397af158fd4d139570023e26	0644	no	no		no	no	/home/snehil/.config/matugen/templates/waybar-colors.css	matugen
home/.config/menus/applications.menu	/home/snehil/.config/menus/applications.menu	PRESERVE EXACTLY	531ad9d23117002570133eb240dfd99627abdfba7bcefe9415d64eaec77ab094	0644	no	no		no	no	/home/snehil/.config/menus/applications.menu	menus
home/.config/micro/colorschemes/catppuccin-frappe.micro	/home/snehil/.config/micro/colorschemes/catppuccin-frappe.micro	PRESERVE EXACTLY	924df9037736e0db88fbfc54d48957437123556a5c11113ddeb2cd7c3110e040	0644	no	no		no	no	/home/snehil/.config/micro/colorschemes/catppuccin-frappe.micro	micro
home/.config/micro/colorschemes/catppuccin-latte.micro	/home/snehil/.config/micro/colorschemes/catppuccin-latte.micro	PRESERVE EXACTLY	9fdd765440f0081a8484c8701c79937ba7ca76317ca585e6c3fde8040464a980	0644	no	no		no	no	/home/snehil/.config/micro/colorschemes/catppuccin-latte.micro	micro
home/.config/micro/colorschemes/catppuccin-macchiato.micro	/home/snehil/.config/micro/colorschemes/catppuccin-macchiato.micro	PRESERVE EXACTLY	c3ba090a25ce34495403fe4594e9664bff0909fffc7ef48c88414ec546a5ed83	0644	no	no		no	no	/home/snehil/.config/micro/colorschemes/catppuccin-macchiato.micro	micro
home/.config/micro/colorschemes/catppuccin-mocha.micro	/home/snehil/.config/micro/colorschemes/catppuccin-mocha.micro	PRESERVE EXACTLY	a1bda1f4b8550f7383bbfa5667a6babe439433e6857b0dd8136241672f1620cc	0644	no	no		no	no	/home/snehil/.config/micro/colorschemes/catppuccin-mocha.micro	micro
home/.config/micro/settings.json	/home/snehil/.config/micro/settings.json	PRESERVE EXACTLY	3bfe2676bf2aeae55c0119567ca4e8d9656510eb0ce50bd10d5780db95983431	0644	no	no		no	no	/home/snehil/.config/micro/settings.json	micro
home/.config/mimeapps.list	/home/snehil/.config/mimeapps.list	PRESERVE EXACTLY	1d7004e39ac60c8282bf978f3f96bb0b4f325d47c21cae2f3fefae67dd63edb8	0644	no	no		no	no	/home/snehil/.config/mimeapps.list	mimeapps.list
home/.config/mpv/fonts/uosc_icons.otf	/home/snehil/.config/mpv/fonts/uosc_icons.otf	PRESERVE EXACTLY	a853f50913597e67f76facd269ff230c2f3038f9acadec04dd653080785dee25	0666	no	no		no	no	/home/snehil/.config/mpv/fonts/uosc_icons.otf	mpv
home/.config/mpv/fonts/uosc_textures.ttf	/home/snehil/.config/mpv/fonts/uosc_textures.ttf	PRESERVE EXACTLY	ccc0660f284dfceb5ab31eb363ccb2355df30fcdf628e781ee374b7d4172ada5	0666	no	no		no	no	/home/snehil/.config/mpv/fonts/uosc_textures.ttf	mpv
home/.config/mpv/mpv.conf	/home/snehil/.config/mpv/mpv.conf	PRESERVE EXACTLY	309b39f29292a1a90cca869b9d0ebbb66221c2e9f901acbec5679bd6f410d7dc	0644	no	no		no	no	/home/snehil/.config/mpv/mpv.conf	mpv
home/.config/mpv/script-opts/uosc.conf	/home/snehil/.config/mpv/script-opts/uosc.conf	PRESERVE EXACTLY	49fd86337f6f22873989c2d70f3f0e5b4f6eee9a431612136ecd68028d6b7800	0644	no	no		no	no	/home/snehil/.config/mpv/script-opts/uosc.conf	mpv
home/.config/mpv/scripts/uosc/char-conv/zh.json	/home/snehil/.config/mpv/scripts/uosc/char-conv/zh.json	PRESERVE EXACTLY	1e250ec50866529b57d273fa90bd8fc56f22b4371d5ea641ce3bebc832dd9889	0666	no	no		no	no	/home/snehil/.config/mpv/scripts/uosc/char-conv/zh.json	mpv
home/.config/mpv/scripts/uosc/elements/BufferingIndicator.lua	/home/snehil/.config/mpv/scripts/uosc/elements/BufferingIndicator.lua	PRESERVE EXACTLY	f7ceb7c88916e49ee5aef2a8c45d53ee5a6f9931b7977898ecf96ebfa543c1c4	0666	no	no		no	no	/home/snehil/.config/mpv/scripts/uosc/elements/BufferingIndicator.lua	mpv
home/.config/mpv/scripts/uosc/elements/Button.lua	/home/snehil/.config/mpv/scripts/uosc/elements/Button.lua	PRESERVE EXACTLY	c5b9f1df2025a010f6606c708144abe383c99be485c51fae1dbdc7ee17f94f63	0666	no	no		no	no	/home/snehil/.config/mpv/scripts/uosc/elements/Button.lua	mpv
home/.config/mpv/scripts/uosc/elements/Controls.lua	/home/snehil/.config/mpv/scripts/uosc/elements/Controls.lua	PRESERVE EXACTLY	8dc03eb0f248b9b4cc7213eeb2d9dcb5abb6e137484ecf7702f4800ba71dfd1b	0666	no	no		no	no	/home/snehil/.config/mpv/scripts/uosc/elements/Controls.lua	mpv
home/.config/mpv/scripts/uosc/elements/Curtain.lua	/home/snehil/.config/mpv/scripts/uosc/elements/Curtain.lua	PRESERVE EXACTLY	7f965119a6fc70d8cce70cf025db764a5d83433321da79a7734c691afdbb1e32	0666	no	no		no	no	/home/snehil/.config/mpv/scripts/uosc/elements/Curtain.lua	mpv
home/.config/mpv/scripts/uosc/elements/CycleButton.lua	/home/snehil/.config/mpv/scripts/uosc/elements/CycleButton.lua	PRESERVE EXACTLY	e49e20110bf84d852ce4d85f26e36a24330ef9a54f28f0886cc658352e09aa75	0666	no	no		no	no	/home/snehil/.config/mpv/scripts/uosc/elements/CycleButton.lua	mpv
home/.config/mpv/scripts/uosc/elements/Element.lua	/home/snehil/.config/mpv/scripts/uosc/elements/Element.lua	PRESERVE EXACTLY	381141cd760a42769c0abdf7cfdf7ef26930249e133fa9800e7c8623f55bc016	0666	no	no		no	no	/home/snehil/.config/mpv/scripts/uosc/elements/Element.lua	mpv
home/.config/mpv/scripts/uosc/elements/Elements.lua	/home/snehil/.config/mpv/scripts/uosc/elements/Elements.lua	PRESERVE EXACTLY	f44e57ea4c4c60f82f3775df9337064fdbcb7cb4bc157b47a5c07a12ee8a62c7	0666	no	no		no	no	/home/snehil/.config/mpv/scripts/uosc/elements/Elements.lua	mpv
home/.config/mpv/scripts/uosc/elements/ManagedButton.lua	/home/snehil/.config/mpv/scripts/uosc/elements/ManagedButton.lua	PRESERVE EXACTLY	da1c1ecf4d145e5c06fb7077a654b1c58412ae106e54b3f5946b919dabd01446	0666	no	no		no	no	/home/snehil/.config/mpv/scripts/uosc/elements/ManagedButton.lua	mpv
home/.config/mpv/scripts/uosc/elements/Menu.lua	/home/snehil/.config/mpv/scripts/uosc/elements/Menu.lua	PRESERVE EXACTLY	1c1b021adab4602ea965460f2d3795559fee764238dfc686cad440df2d29ccb9	0666	no	no		no	no	/home/snehil/.config/mpv/scripts/uosc/elements/Menu.lua	mpv
home/.config/mpv/scripts/uosc/elements/PauseIndicator.lua	/home/snehil/.config/mpv/scripts/uosc/elements/PauseIndicator.lua	PRESERVE EXACTLY	3f15a46b1a7e74e1f0e23942ff1814b44c2f5fd9d7c9337222a9743271f090c6	0666	no	no		no	no	/home/snehil/.config/mpv/scripts/uosc/elements/PauseIndicator.lua	mpv
home/.config/mpv/scripts/uosc/elements/Speed.lua	/home/snehil/.config/mpv/scripts/uosc/elements/Speed.lua	PRESERVE EXACTLY	fee532d01e108cb4d74fbfdedaf91ea2fff81af3b4f3f4e3543fd8aaefa92326	0666	no	no		no	no	/home/snehil/.config/mpv/scripts/uosc/elements/Speed.lua	mpv
home/.config/mpv/scripts/uosc/elements/Timeline.lua	/home/snehil/.config/mpv/scripts/uosc/elements/Timeline.lua	PRESERVE EXACTLY	696637de58fecf46035cc688bafdddc34b3bc39c393b356689d101a2a256182a	0666	no	no		no	no	/home/snehil/.config/mpv/scripts/uosc/elements/Timeline.lua	mpv
home/.config/mpv/scripts/uosc/elements/TopBar.lua	/home/snehil/.config/mpv/scripts/uosc/elements/TopBar.lua	PRESERVE EXACTLY	c8dd9a3e8dde88023f267f7ffdf72a69c78524fa0ac488fcbff7864048459993	0666	no	no		no	no	/home/snehil/.config/mpv/scripts/uosc/elements/TopBar.lua	mpv
home/.config/mpv/scripts/uosc/elements/Updater.lua	/home/snehil/.config/mpv/scripts/uosc/elements/Updater.lua	PRESERVE EXACTLY	41ecb02fb396d9a05f16db16b3970986bd21b31d4d5e32db9ed072338d9bc065	0666	no	no		no	no	/home/snehil/.config/mpv/scripts/uosc/elements/Updater.lua	mpv
home/.config/mpv/scripts/uosc/elements/Volume.lua	/home/snehil/.config/mpv/scripts/uosc/elements/Volume.lua	PRESERVE EXACTLY	fa16d0cd19df402ef631931d49787ccc7fdf06adf3e86913deb5bafcd3266c7a	0666	no	no		no	no	/home/snehil/.config/mpv/scripts/uosc/elements/Volume.lua	mpv
home/.config/mpv/scripts/uosc/elements/WindowBorder.lua	/home/snehil/.config/mpv/scripts/uosc/elements/WindowBorder.lua	PRESERVE EXACTLY	61435c9c6172d47cf24c6bddf65f3e0081939cd88a20b0ae4b4a103aa613a3a2	0666	no	no		no	no	/home/snehil/.config/mpv/scripts/uosc/elements/WindowBorder.lua	mpv
home/.config/mpv/scripts/uosc/intl/de.json	/home/snehil/.config/mpv/scripts/uosc/intl/de.json	PRESERVE EXACTLY	606d296d7d0dd010cb732722a0c9e28abc9c0d09d962e959212c29bfdf2a125e	0666	no	no		no	no	/home/snehil/.config/mpv/scripts/uosc/intl/de.json	mpv
home/.config/mpv/scripts/uosc/intl/es.json	/home/snehil/.config/mpv/scripts/uosc/intl/es.json	PRESERVE EXACTLY	cc38c03c9b954c8711b23eddfedb83ba6c9653a133c3ad7e432cfecdd089a999	0666	no	no		no	no	/home/snehil/.config/mpv/scripts/uosc/intl/es.json	mpv
home/.config/mpv/scripts/uosc/intl/fr.json	/home/snehil/.config/mpv/scripts/uosc/intl/fr.json	PRESERVE EXACTLY	a8ec21232c1fbb5c3de5a90f1f92ec1e4258ea9827f9eff87989f20471552c3b	0666	no	no		no	no	/home/snehil/.config/mpv/scripts/uosc/intl/fr.json	mpv
home/.config/mpv/scripts/uosc/intl/pl.json	/home/snehil/.config/mpv/scripts/uosc/intl/pl.json	PRESERVE EXACTLY	c3733a695296104618683f4b705b1e03493d1cd96ba5fe98c339020b3cd95cdd	0666	no	no		no	no	/home/snehil/.config/mpv/scripts/uosc/intl/pl.json	mpv
home/.config/mpv/scripts/uosc/intl/ro.json	/home/snehil/.config/mpv/scripts/uosc/intl/ro.json	PRESERVE EXACTLY	22c90c139b53e0b417a62987baa4e46b010195df8e85bd076861b7044dd3ab1e	0666	no	no		no	no	/home/snehil/.config/mpv/scripts/uosc/intl/ro.json	mpv
home/.config/mpv/scripts/uosc/intl/ru.json	/home/snehil/.config/mpv/scripts/uosc/intl/ru.json	PRESERVE EXACTLY	ac86fd3ae167e79cc51aec8bd12f04dc9491613fecdba6820f3388db6671b9a6	0666	no	no		no	no	/home/snehil/.config/mpv/scripts/uosc/intl/ru.json	mpv
home/.config/mpv/scripts/uosc/intl/tr.json	/home/snehil/.config/mpv/scripts/uosc/intl/tr.json	PRESERVE EXACTLY	1081a7e970764e0ff438c3d8c2164543732cc10f6feb8e11fa670b741d3d896e	0666	no	no		no	no	/home/snehil/.config/mpv/scripts/uosc/intl/tr.json	mpv
home/.config/mpv/scripts/uosc/intl/uk.json	/home/snehil/.config/mpv/scripts/uosc/intl/uk.json	PRESERVE EXACTLY	e57d8cbc32b5b8e92b50cde0b2eb06cb405f87a138ebd88b5cb962d84be8e4a8	0666	no	no		no	no	/home/snehil/.config/mpv/scripts/uosc/intl/uk.json	mpv
home/.config/mpv/scripts/uosc/intl/zh-hans.json	/home/snehil/.config/mpv/scripts/uosc/intl/zh-hans.json	PRESERVE EXACTLY	d3339e658874530f4275c70d0837986746f98a9abca453d4bb2bde285c5dde31	0666	no	no		no	no	/home/snehil/.config/mpv/scripts/uosc/intl/zh-hans.json	mpv
home/.config/mpv/scripts/uosc/lib/ass.lua	/home/snehil/.config/mpv/scripts/uosc/lib/ass.lua	PRESERVE EXACTLY	e0eab05a8924cb184867c965aefdcabd5b11989335dd1d24aa9d4a44e2346694	0666	no	no		no	no	/home/snehil/.config/mpv/scripts/uosc/lib/ass.lua	mpv
home/.config/mpv/scripts/uosc/lib/buttons.lua	/home/snehil/.config/mpv/scripts/uosc/lib/buttons.lua	PRESERVE EXACTLY	f79302eda925010a8ccbfa7e960e0fc7760114b920d641897474ed91ea318f73	0666	no	no		no	no	/home/snehil/.config/mpv/scripts/uosc/lib/buttons.lua	mpv
home/.config/mpv/scripts/uosc/lib/char_conv.lua	/home/snehil/.config/mpv/scripts/uosc/lib/char_conv.lua	PRESERVE EXACTLY	57dca5a0498d254826d8c18a1fc800b3556a6f49318e7ad0fbefc51b7167660f	0666	no	no		no	no	/home/snehil/.config/mpv/scripts/uosc/lib/char_conv.lua	mpv
home/.config/mpv/scripts/uosc/lib/cursor.lua	/home/snehil/.config/mpv/scripts/uosc/lib/cursor.lua	PRESERVE EXACTLY	8a9f7bb14eae92f4b171c5655899c9954f4050a897c08db42aa90f72a84a3c0c	0666	no	no		no	no	/home/snehil/.config/mpv/scripts/uosc/lib/cursor.lua	mpv
home/.config/mpv/scripts/uosc/lib/fzy.lua	/home/snehil/.config/mpv/scripts/uosc/lib/fzy.lua	PRESERVE EXACTLY	5b1b53aaf56c8b51bd3507f6f6b76c042b92ceb55eaac8533277754158426711	0666	no	no		no	no	/home/snehil/.config/mpv/scripts/uosc/lib/fzy.lua	mpv
home/.config/mpv/scripts/uosc/lib/intl.lua	/home/snehil/.config/mpv/scripts/uosc/lib/intl.lua	PRESERVE EXACTLY	234df27c1e6a27089b04e156c3146669bbe4fcb3960169692b222c9e4867110d	0666	no	no		no	no	/home/snehil/.config/mpv/scripts/uosc/lib/intl.lua	mpv
home/.config/mpv/scripts/uosc/lib/menus.lua	/home/snehil/.config/mpv/scripts/uosc/lib/menus.lua	PRESERVE EXACTLY	08181fa05c2a0dd0c5146c0a0e02e44a690732f84a08e3c5bfdd06ff68e0f79e	0666	no	no		no	no	/home/snehil/.config/mpv/scripts/uosc/lib/menus.lua	mpv
home/.config/mpv/scripts/uosc/lib/std.lua	/home/snehil/.config/mpv/scripts/uosc/lib/std.lua	PRESERVE EXACTLY	fdaedd93bdb9b716dbd99ec1c8cff08b3d316c9fdc793718e2b4ee7a504799f5	0666	no	no		no	no	/home/snehil/.config/mpv/scripts/uosc/lib/std.lua	mpv
home/.config/mpv/scripts/uosc/lib/text.lua	/home/snehil/.config/mpv/scripts/uosc/lib/text.lua	PRESERVE EXACTLY	f4e040412b2e3c2d276d8098aa1eea01e020e916123336470dd2480a5968eb07	0666	no	no		no	no	/home/snehil/.config/mpv/scripts/uosc/lib/text.lua	mpv
home/.config/mpv/scripts/uosc/lib/utils.lua	/home/snehil/.config/mpv/scripts/uosc/lib/utils.lua	PRESERVE EXACTLY	29b9b56c00e7402c9ced88b942f1145f5d1fa4ba7fcfe83342c8016857e84fed	0666	no	no		no	no	/home/snehil/.config/mpv/scripts/uosc/lib/utils.lua	mpv
home/.config/mpv/scripts/uosc/main.lua	/home/snehil/.config/mpv/scripts/uosc/main.lua	PRESERVE SANITIZED	3e75dae55f03249fa055ea77ac51ea039d2359ee65f8b235cb7e7d5fd1d3cbad	0666	no	no		no	no	/home/snehil/.config/mpv/scripts/uosc/main.lua	mpv
home/.config/noctalia/config.toml	/home/snehil/.config/noctalia/config.toml	PRESERVE EXACTLY	9c7580e2964936da79662e466cf9e7762467a4916b6e572dbbf88417d3fed566	0644	no	no		no	no	/home/snehil/.config/noctalia/config.toml	noctalia
home/.config/nvim/AGENTS.md	/home/snehil/.config/nvim/AGENTS.md	PRESERVE EXACTLY	5f6cd7280608c1361da38421995a2315df53bd7066ac8c68ea334c8d600ab8fe	0644	no	no		no	no	/home/snehil/.config/nvim/AGENTS.md	nvim
home/.config/nvim/README.md	/home/snehil/.config/nvim/README.md	PRESERVE EXACTLY	55ba34dd2fad72798d32f5710b64c44901bb8c9a30fad2ac15325c2ada70bbaa	0644	no	no		no	no	/home/snehil/.config/nvim/README.md	nvim
home/.config/nvim/after/lsp/clangd.lua	/home/snehil/.config/nvim/after/lsp/clangd.lua	PRESERVE EXACTLY	a373e2dd09553b4f5d1050409e447640df46e6390ecfb98a2dd945e50057e3a3	0644	no	no		no	no	/home/snehil/.config/nvim/after/lsp/clangd.lua	nvim
home/.config/nvim/after/lsp/lua_ls.lua	/home/snehil/.config/nvim/after/lsp/lua_ls.lua	PRESERVE EXACTLY	909f5af7db005455355537097896e2ffc9164be81751bb0d140632a1dd111800	0644	no	no		no	no	/home/snehil/.config/nvim/after/lsp/lua_ls.lua	nvim
home/.config/nvim/after/lsp/pyright.lua	/home/snehil/.config/nvim/after/lsp/pyright.lua	PRESERVE EXACTLY	2f2f346438545ab6c1582861d3657d0fb482d383d6f2893b7848005f49b8a644	0644	no	no		no	no	/home/snehil/.config/nvim/after/lsp/pyright.lua	nvim
home/.config/nvim/after/lsp/vtsls.lua	/home/snehil/.config/nvim/after/lsp/vtsls.lua	PRESERVE EXACTLY	e54248b39d93b0f9b6266ce98a6e3a8b62b7efa314b527e24b5878af16dda6fe	0644	no	no		no	no	/home/snehil/.config/nvim/after/lsp/vtsls.lua	nvim
home/.config/nvim/init.lua	/home/snehil/.config/nvim/init.lua	PRESERVE EXACTLY	2ca64be994d1205c0fa8261d083c022a4723ffb17965a2b6b1cec57c6c2cff83	0644	no	no		no	no	/home/snehil/.config/nvim/init.lua	nvim
home/.config/nvim/lazy-lock.json	/home/snehil/.config/nvim/lazy-lock.json	PRESERVE EXACTLY	86ffb0325934cbb969b781c6eaf726b491f07ebbf9c564b936b64643f25199ec	0644	no	no		no	no	/home/snehil/.config/nvim/lazy-lock.json	nvim
home/.config/nvim/lua/config/remote_clipboard.lua	/home/snehil/.config/nvim/lua/config/remote_clipboard.lua	PRESERVE EXACTLY	bac8268c3dde4e747772467d6671e626aa4982478551d8fc8ebe1259a4854f2c	0644	no	no		no	no	/home/snehil/.config/nvim/lua/config/remote_clipboard.lua	nvim
home/.config/nvim/lua/keymaps.lua	/home/snehil/.config/nvim/lua/keymaps.lua	PRESERVE EXACTLY	8b23d471c67ee958eacdfdd57b6bdeeec8d97086e5ab4fa9a37fe787eeff1815	0644	no	no		no	no	/home/snehil/.config/nvim/lua/keymaps.lua	nvim
home/.config/nvim/lua/plugins/auto-pairs.lua	/home/snehil/.config/nvim/lua/plugins/auto-pairs.lua	PRESERVE EXACTLY	e8c37b6648368f58330a5b32a6f6eff0cfeb63beadf42f19dd9a2d95541a24f7	0644	no	no		no	no	/home/snehil/.config/nvim/lua/plugins/auto-pairs.lua	nvim
home/.config/nvim/lua/plugins/bufferlist.lua	/home/snehil/.config/nvim/lua/plugins/bufferlist.lua	PRESERVE EXACTLY	6f8f2a227d74e8b1352f2ad4b0529905336ba57016902acfa3d3a529febac94b	0644	no	no		no	no	/home/snehil/.config/nvim/lua/plugins/bufferlist.lua	nvim
home/.config/nvim/lua/plugins/catppuccin.lua	/home/snehil/.config/nvim/lua/plugins/catppuccin.lua	PRESERVE EXACTLY	11e62db475e3887b36079dd9ff5fde3f724f05912a968a1cf4b1479da33412e1	0644	no	no		no	no	/home/snehil/.config/nvim/lua/plugins/catppuccin.lua	nvim
home/.config/nvim/lua/plugins/colors.lua	/home/snehil/.config/nvim/lua/plugins/colors.lua	PRESERVE EXACTLY	0a06e412b7d788178607142ac44a012d463c18274ca4a2d8aa6410a16b7fb257	0644	no	no		no	no	/home/snehil/.config/nvim/lua/plugins/colors.lua	nvim
home/.config/nvim/lua/plugins/comment.lua	/home/snehil/.config/nvim/lua/plugins/comment.lua	PRESERVE EXACTLY	1c425f5dc2b5d3a8698299f9f8049333c9a8d1af4be1f30177c63ca0d56e6dee	0644	no	no		no	no	/home/snehil/.config/nvim/lua/plugins/comment.lua	nvim
home/.config/nvim/lua/plugins/completion.lua	/home/snehil/.config/nvim/lua/plugins/completion.lua	PRESERVE EXACTLY	df5f527a4761c1a0d806ab84118502307ef55fe8eb18a57534d81f73e8b915e7	0644	no	no		no	no	/home/snehil/.config/nvim/lua/plugins/completion.lua	nvim
home/.config/nvim/lua/plugins/conform.lua	/home/snehil/.config/nvim/lua/plugins/conform.lua	PRESERVE EXACTLY	7520e47b4c579fe84d561c19c079b4dd3c25fa8e678081b50d44317bc98492fa	0644	no	no		no	no	/home/snehil/.config/nvim/lua/plugins/conform.lua	nvim
home/.config/nvim/lua/plugins/dadbod.lua	/home/snehil/.config/nvim/lua/plugins/dadbod.lua	PRESERVE EXACTLY	e4a6a862c13b3b84741ace9a8d06e4f1a6c55197443826e9016eb5168e73082c	0644	no	no		no	no	/home/snehil/.config/nvim/lua/plugins/dadbod.lua	nvim
home/.config/nvim/lua/plugins/debugging.lua	/home/snehil/.config/nvim/lua/plugins/debugging.lua	PRESERVE EXACTLY	a161819b19b2b979b2343336c022e7ed7331ded8004ec249628dfdc59ef74913	0644	no	no		no	no	/home/snehil/.config/nvim/lua/plugins/debugging.lua	nvim
home/.config/nvim/lua/plugins/dressing.lua	/home/snehil/.config/nvim/lua/plugins/dressing.lua	PRESERVE EXACTLY	71deac511bfe0a1ee7ef262ea4774c317fc8bc8efe6714aebc6faae08d82d8e2	0644	no	no		no	no	/home/snehil/.config/nvim/lua/plugins/dressing.lua	nvim
home/.config/nvim/lua/plugins/endpoint.lua	/home/snehil/.config/nvim/lua/plugins/endpoint.lua	PRESERVE EXACTLY	1232d8379de77e154ca533689af2e42629dd7574bda5a0a390799849f07607c3	0644	no	no		no	no	/home/snehil/.config/nvim/lua/plugins/endpoint.lua	nvim
home/.config/nvim/lua/plugins/float.lua	/home/snehil/.config/nvim/lua/plugins/float.lua	PRESERVE EXACTLY	ac69ed533233f9412fca799399b9fce390c13d5e04a4b58b598327b27713c832	0644	no	no		no	no	/home/snehil/.config/nvim/lua/plugins/float.lua	nvim
home/.config/nvim/lua/plugins/fugitive.lua	/home/snehil/.config/nvim/lua/plugins/fugitive.lua	PRESERVE EXACTLY	a1448c2794e3ad377a71dbdb709e3cb181129d95ae19a764b9ca04c4934cecdc	0644	no	no		no	no	/home/snehil/.config/nvim/lua/plugins/fugitive.lua	nvim
home/.config/nvim/lua/plugins/gitdiff.lua	/home/snehil/.config/nvim/lua/plugins/gitdiff.lua	PRESERVE EXACTLY	6eb95df242719ae3e48f6cf5cb2751315fbe7ac2862011cea53cde6cd39347dd	0644	no	no		no	no	/home/snehil/.config/nvim/lua/plugins/gitdiff.lua	nvim
home/.config/nvim/lua/plugins/gitsigns.lua	/home/snehil/.config/nvim/lua/plugins/gitsigns.lua	PRESERVE EXACTLY	e0731bf2b445b621d9852d867047212c49147a659142b31f5e74005aecc14188	0644	no	no		no	no	/home/snehil/.config/nvim/lua/plugins/gitsigns.lua	nvim
home/.config/nvim/lua/plugins/gpt.lua	/home/snehil/.config/nvim/lua/plugins/gpt.lua	PRESERVE EXACTLY	1232d8379de77e154ca533689af2e42629dd7574bda5a0a390799849f07607c3	0644	no	no		no	no	/home/snehil/.config/nvim/lua/plugins/gpt.lua	nvim
home/.config/nvim/lua/plugins/harpoon.lua	/home/snehil/.config/nvim/lua/plugins/harpoon.lua	PRESERVE EXACTLY	c07a4ff0bbbe093da14a8a2dab07f5ba699daf6881981aa83d07f0e7b1373a3d	0644	no	no		no	no	/home/snehil/.config/nvim/lua/plugins/harpoon.lua	nvim
home/.config/nvim/lua/plugins/hydrate.lua	/home/snehil/.config/nvim/lua/plugins/hydrate.lua	PRESERVE EXACTLY	ea28215ecc02e88898d461db0d465bce8cde3436add7d5f7a7acb43e09656429	0644	no	no		no	no	/home/snehil/.config/nvim/lua/plugins/hydrate.lua	nvim
home/.config/nvim/lua/plugins/indent.lua	/home/snehil/.config/nvim/lua/plugins/indent.lua	PRESERVE EXACTLY	a8b94c703f04e120f69469b33870626d035c3633758302f9e87fbc4ba9529c30	0644	no	no		no	no	/home/snehil/.config/nvim/lua/plugins/indent.lua	nvim
home/.config/nvim/lua/plugins/leetcode.lua	/home/snehil/.config/nvim/lua/plugins/leetcode.lua	PRESERVE EXACTLY	d1e269c3553d8987dc35d89f109cb04ac9108716694e9c061b87e9ef676771c5	0644	no	no		no	no	/home/snehil/.config/nvim/lua/plugins/leetcode.lua	nvim
home/.config/nvim/lua/plugins/lspconfig.lua	/home/snehil/.config/nvim/lua/plugins/lspconfig.lua	PRESERVE EXACTLY	d317071ef931aad37f84e775ef5854be5af2e7864727b3d8a12eed216b1f5d3f	0644	no	no		no	no	/home/snehil/.config/nvim/lua/plugins/lspconfig.lua	nvim
home/.config/nvim/lua/plugins/lualine.lua	/home/snehil/.config/nvim/lua/plugins/lualine.lua	PRESERVE EXACTLY	fc1a64ea07fb908fb42e8464d7da3b729a2bf5c573da966b1eae7c633a6cce86	0644	no	no		no	no	/home/snehil/.config/nvim/lua/plugins/lualine.lua	nvim
home/.config/nvim/lua/plugins/neo-tree.lua	/home/snehil/.config/nvim/lua/plugins/neo-tree.lua	PRESERVE EXACTLY	fa994871b8610b54c724929645c64c13e8f4168fe464b282e2cd99d98743aae3	0644	no	no		no	no	/home/snehil/.config/nvim/lua/plugins/neo-tree.lua	nvim
home/.config/nvim/lua/plugins/noice.lua	/home/snehil/.config/nvim/lua/plugins/noice.lua	PRESERVE EXACTLY	57d5c8b39f023e90139f36cb23a07fe1787afca99c596b8b6aa432e01de0947e	0644	no	no		no	no	/home/snehil/.config/nvim/lua/plugins/noice.lua	nvim
home/.config/nvim/lua/plugins/nord-theme.lua	/home/snehil/.config/nvim/lua/plugins/nord-theme.lua	PRESERVE EXACTLY	6dc63a8e0d01c48a28c00f6cbd735031ce411771730f02cb9f26f50cb02126c0	0644	no	no		no	no	/home/snehil/.config/nvim/lua/plugins/nord-theme.lua	nvim
home/.config/nvim/lua/plugins/nvim-tmux-navigator.lua	/home/snehil/.config/nvim/lua/plugins/nvim-tmux-navigator.lua	PRESERVE EXACTLY	fd8ab35690e5577e7921f2e54c3c2e0b5f1d579d16ccb6186c50161b50fd1012	0644	no	no		no	no	/home/snehil/.config/nvim/lua/plugins/nvim-tmux-navigator.lua	nvim
home/.config/nvim/lua/plugins/nvim-treesitter.lua	/home/snehil/.config/nvim/lua/plugins/nvim-treesitter.lua	PRESERVE EXACTLY	115d3ce48c74fd99d63b38beb1dc8de6bb3bf0fe4d4ea9febf183648ed5aafe7	0644	no	no		no	no	/home/snehil/.config/nvim/lua/plugins/nvim-treesitter.lua	nvim
home/.config/nvim/lua/plugins/rose-pine.lua	/home/snehil/.config/nvim/lua/plugins/rose-pine.lua	PRESERVE EXACTLY	7ee20c3e571728cd2f1247e20cd2d8d9d00da92594b05a4f348ddffeba719a28	0644	no	no		no	no	/home/snehil/.config/nvim/lua/plugins/rose-pine.lua	nvim
home/.config/nvim/lua/plugins/roslyn.lua	/home/snehil/.config/nvim/lua/plugins/roslyn.lua	PRESERVE EXACTLY	3986fa08c97d196ed7df38607991d5d5b72b1b5682c11243392c2dcb6226d33d	0644	no	no		no	no	/home/snehil/.config/nvim/lua/plugins/roslyn.lua	nvim
home/.config/nvim/lua/plugins/telescope.lua	/home/snehil/.config/nvim/lua/plugins/telescope.lua	PRESERVE EXACTLY	c9699017a14a8c2deca2ca25bb29b6545555d0e0792e4df5039944cd0c9f1375	0644	no	no		no	no	/home/snehil/.config/nvim/lua/plugins/telescope.lua	nvim
home/.config/nvim/lua/plugins/todo.lua	/home/snehil/.config/nvim/lua/plugins/todo.lua	PRESERVE EXACTLY	afa5d756eb3a615ded0061a50e9ab4c98156bd1c6255e9e1046dccccac87dae0	0644	no	no		no	no	/home/snehil/.config/nvim/lua/plugins/todo.lua	nvim
home/.config/nvim/lua/plugins/vim-be-good.lua	/home/snehil/.config/nvim/lua/plugins/vim-be-good.lua	PRESERVE EXACTLY	62d20d4ff152fbf5c575805b09c504080fdd194c73f3ccbe6ad63e659573db14	0644	no	no		no	no	/home/snehil/.config/nvim/lua/plugins/vim-be-good.lua	nvim
home/.config/nvim/lua/plugins/which-key.lua	/home/snehil/.config/nvim/lua/plugins/which-key.lua	PRESERVE EXACTLY	429b3cc988054ec1804517cc67057074e2206ff4d17ee7fd59f9d8ab237c0162	0644	no	no		no	no	/home/snehil/.config/nvim/lua/plugins/which-key.lua	nvim
home/.config/nvim/lua/plugins/zenmode.lua	/home/snehil/.config/nvim/lua/plugins/zenmode.lua	PRESERVE EXACTLY	776f20ab576bd08c0fb99c63697340d7ecfa3f179429213dbcfe01a0fb6f4970	0644	no	no		no	no	/home/snehil/.config/nvim/lua/plugins/zenmode.lua	nvim
home/.config/nvim/lua/plugins.lua	/home/snehil/.config/nvim/lua/plugins.lua	PRESERVE EXACTLY	c94d31967a670b1c7e1f8771dbc8e8cc75fa351ba8f1312a448fdca6ad9213a2	0644	no	no		no	no	/home/snehil/.config/nvim/lua/plugins.lua	nvim
home/.config/nvim/lua/preferences.lua	/home/snehil/.config/nvim/lua/preferences.lua	PRESERVE EXACTLY	0c8034cf3b14a5152338998edec87af19ed48f8ccf83f0e2f6885bd9c6023ef2	0644	no	no		no	no	/home/snehil/.config/nvim/lua/preferences.lua	nvim
home/.config/nvim/lua/snippets/cpp.lua	/home/snehil/.config/nvim/lua/snippets/cpp.lua	PRESERVE EXACTLY	9e5d99c5aeb3fd91cb04f492374f94bba7e86c5581fb755ad678a497f7f39250	0644	no	no		no	no	/home/snehil/.config/nvim/lua/snippets/cpp.lua	nvim
home/.config/nwg-look/config	/home/snehil/.config/nwg-look/config	PRESERVE EXACTLY	b5148d738cd61feefd21dfb7701fc2251da8c873ae44db7adef028b0054d5982	0644	no	no		no	no	/home/snehil/.config/nwg-look/config	nwg-look
home/.config/qt6ct/qt6ct.conf	/home/snehil/.config/qt6ct/qt6ct.conf	PRESERVE EXACTLY	1952a33ab8559f48772c3e4e7723d29062ef65bb5e9bbabbfa382e8950216d6c	0644	no	no		no	yes	/home/snehil/.config/qt6ct/qt6ct.conf	qt6ct
home/.config/quickshell/personal/Anchor.qml	/home/snehil/.config/quickshell/personal/Anchor.qml	PRESERVE EXACTLY	7063f30966ff4ac8adbacd8cb35e289ad997a41863649f85df762c05d1c218d0	0644	no	no		no	yes	/home/snehil/.config/quickshell/personal/Anchor.qml	quickshell
home/.config/quickshell/personal/Commons/Border.qml	/home/snehil/.config/quickshell/personal/Commons/Border.qml	PRESERVE EXACTLY	b98c82530126fc10a287845e8df574ae26fa05b6064d93451d93d0ee9c3f7166	0644	no	no		no	yes	/home/snehil/.config/quickshell/personal/Commons/Border.qml	quickshell
home/.config/quickshell/personal/Commons/BorderGeometry.js	/home/snehil/.config/quickshell/personal/Commons/BorderGeometry.js	PRESERVE EXACTLY	8b99fb8d32a2f4ccb72f09a1c6421771d7329555c59bff69d181f1218033c85d	0644	no	no		no	yes	/home/snehil/.config/quickshell/personal/Commons/BorderGeometry.js	quickshell
home/.config/quickshell/personal/Commons/Color.qml	/home/snehil/.config/quickshell/personal/Commons/Color.qml	PRESERVE EXACTLY	cc9b62e2eaf8c307aa02206d9320c3d0ca349cf8feed452a6eddf387adaa5320	0644	no	no		no	yes	/home/snehil/.config/quickshell/personal/Commons/Color.qml	quickshell
home/.config/quickshell/personal/Commons/Style.qml	/home/snehil/.config/quickshell/personal/Commons/Style.qml	PRESERVE EXACTLY	43694e419123906215f1674a77633c218781b694efb593625494c8727c3d069c	0644	no	no		no	yes	/home/snehil/.config/quickshell/personal/Commons/Style.qml	quickshell
home/.config/quickshell/personal/Commons/Theme.qml	/home/snehil/.config/quickshell/personal/Commons/Theme.qml	PRESERVE EXACTLY	364a949cf3c5dc469a9c4a8fca84d91d8482dcd3674ca9e31d020a6af753e901	0644	no	no		no	yes	/home/snehil/.config/quickshell/personal/Commons/Theme.qml	quickshell
home/.config/quickshell/personal/Commons/Util.qml	/home/snehil/.config/quickshell/personal/Commons/Util.qml	PRESERVE EXACTLY	20800c11650b37f2c588d4cbfcbf1704cf3b64a92c862e62d2b7fa980e29b944	0644	no	no		no	yes	/home/snehil/.config/quickshell/personal/Commons/Util.qml	quickshell
home/.config/quickshell/personal/Commons/qmldir	/home/snehil/.config/quickshell/personal/Commons/qmldir	PRESERVE EXACTLY	9c43d3f12414832c335cda84bd4da0d27b6c657780c1ffd5b5c2ba020026e625	0644	no	no		no	yes	/home/snehil/.config/quickshell/personal/Commons/qmldir	quickshell
home/.config/quickshell/personal/TopBar.qml	/home/snehil/.config/quickshell/personal/TopBar.qml	PRESERVE EXACTLY	60d28011a29175d4a8b191c0ec081970897afa63ecd2093283d1008385622ef1	0644	no	no		no	yes	/home/snehil/.config/quickshell/personal/TopBar.qml	quickshell
home/.config/quickshell/personal/Ui/BackgroundMedia.qml	/home/snehil/.config/quickshell/personal/Ui/BackgroundMedia.qml	PRESERVE EXACTLY	f807fc72481e0c15270ecf22e2e5a9af55e6111bf2fbe01caa99847c2c348a1c	0644	no	no		no	yes	/home/snehil/.config/quickshell/personal/Ui/BackgroundMedia.qml	quickshell
home/.config/quickshell/personal/Ui/BarIconButton.qml	/home/snehil/.config/quickshell/personal/Ui/BarIconButton.qml	PRESERVE EXACTLY	bae9894d021655105b67d4ae7dec734bcd36ebf3b17a4aaef2c462e0cfa0c874	0644	no	no		no	yes	/home/snehil/.config/quickshell/personal/Ui/BarIconButton.qml	quickshell
home/.config/quickshell/personal/Ui/BarIndicator.qml	/home/snehil/.config/quickshell/personal/Ui/BarIndicator.qml	PRESERVE EXACTLY	5ed0ecd4be63cbe51a732900ffe7a06ed02f89e176207a42258021d2631e6d4a	0644	no	no		no	yes	/home/snehil/.config/quickshell/personal/Ui/BarIndicator.qml	quickshell
home/.config/quickshell/personal/Ui/BarWidget.qml	/home/snehil/.config/quickshell/personal/Ui/BarWidget.qml	PRESERVE EXACTLY	8be00e2553a486b3dbfcb4f99de976035f323c4061b993dbc1842c75ff8b9022	0644	no	no		no	yes	/home/snehil/.config/quickshell/personal/Ui/BarWidget.qml	quickshell
home/.config/quickshell/personal/Ui/BorderOverlay.qml	/home/snehil/.config/quickshell/personal/Ui/BorderOverlay.qml	PRESERVE EXACTLY	c0aaf4f8a080712bf8dce2360d496ba1a63dcacb982a0fd9ed15bc51be333d66	0644	no	no		no	yes	/home/snehil/.config/quickshell/personal/Ui/BorderOverlay.qml	quickshell
home/.config/quickshell/personal/Ui/BorderSurface.qml	/home/snehil/.config/quickshell/personal/Ui/BorderSurface.qml	PRESERVE EXACTLY	e17d8150d0b0e60f431bd6df5e661f5d9fe1f5eec9c2e2420f6eff2179a45baf	0644	no	no		no	yes	/home/snehil/.config/quickshell/personal/Ui/BorderSurface.qml	quickshell
home/.config/quickshell/personal/Ui/Button.qml	/home/snehil/.config/quickshell/personal/Ui/Button.qml	PRESERVE EXACTLY	8e6c0186b336fe26c0b83d21d163c56a57eb97bf4e92e071f2842acbb5db3706	0644	no	no		no	yes	/home/snehil/.config/quickshell/personal/Ui/Button.qml	quickshell
home/.config/quickshell/personal/Ui/ButtonGroup.qml	/home/snehil/.config/quickshell/personal/Ui/ButtonGroup.qml	PRESERVE EXACTLY	4af792f394534b7d61b270fcb44203bba8d88ed25f8822e0b90e456e35487542	0644	no	no		no	yes	/home/snehil/.config/quickshell/personal/Ui/ButtonGroup.qml	quickshell
home/.config/quickshell/personal/Ui/ConfirmDialog.qml	/home/snehil/.config/quickshell/personal/Ui/ConfirmDialog.qml	PRESERVE EXACTLY	969cafe0580acb66d47947b7b6e9fa5103e1911b3a7dee03b84f2b154afc2762	0644	no	no		no	yes	/home/snehil/.config/quickshell/personal/Ui/ConfirmDialog.qml	quickshell
home/.config/quickshell/personal/Ui/CursorSurface.qml	/home/snehil/.config/quickshell/personal/Ui/CursorSurface.qml	PRESERVE EXACTLY	27844a40fbe378e84c0aea35654dd8b396afb7e331c86be80852e1529da4f5b2	0644	no	no		no	yes	/home/snehil/.config/quickshell/personal/Ui/CursorSurface.qml	quickshell
home/.config/quickshell/personal/Ui/Dropdown.qml	/home/snehil/.config/quickshell/personal/Ui/Dropdown.qml	PRESERVE EXACTLY	6e2b847a33f5dedb96f65757d284f40b90073b3b34fd31abb84b2d471814fc5c	0644	no	no		no	yes	/home/snehil/.config/quickshell/personal/Ui/Dropdown.qml	quickshell
home/.config/quickshell/personal/Ui/KeyboardPanel.qml	/home/snehil/.config/quickshell/personal/Ui/KeyboardPanel.qml	PRESERVE EXACTLY	82d8f9f3abb3c24f2d411d96bb4fbc3846250e1bf3e9ac72d9a33df1bc8000c9	0644	no	no		no	yes	/home/snehil/.config/quickshell/personal/Ui/KeyboardPanel.qml	quickshell
home/.config/quickshell/personal/Ui/MultiSelect.qml	/home/snehil/.config/quickshell/personal/Ui/MultiSelect.qml	PRESERVE EXACTLY	ed85c2bf48ca17a059611b582d3d650eb2a1ad37cff2b700ca0c6c441a4c52df	0644	no	no		no	yes	/home/snehil/.config/quickshell/personal/Ui/MultiSelect.qml	quickshell
home/.config/quickshell/personal/Ui/NumberField.qml	/home/snehil/.config/quickshell/personal/Ui/NumberField.qml	PRESERVE EXACTLY	b3584b513ee720f9f3e0f098d19ca1b129a02270c140528455d88fe04e2f2c8b	0644	no	no		no	yes	/home/snehil/.config/quickshell/personal/Ui/NumberField.qml	quickshell
home/.config/quickshell/personal/Ui/OpticalGlyph.qml	/home/snehil/.config/quickshell/personal/Ui/OpticalGlyph.qml	PRESERVE EXACTLY	293e2863c7ff18998a7aea651fa952a564a860df125bf8900b7e739500b3c352	0644	no	no		no	yes	/home/snehil/.config/quickshell/personal/Ui/OpticalGlyph.qml	quickshell
home/.config/quickshell/personal/Ui/Panel.qml	/home/snehil/.config/quickshell/personal/Ui/Panel.qml	PRESERVE EXACTLY	e6588b3d7c1075d68c6392d028483fcc5d4d2bcb29180758fe265a957cbdc71d	0644	no	no		no	yes	/home/snehil/.config/quickshell/personal/Ui/Panel.qml	quickshell
home/.config/quickshell/personal/Ui/PanelActionButton.qml	/home/snehil/.config/quickshell/personal/Ui/PanelActionButton.qml	PRESERVE EXACTLY	6c94ff62997f18d1712a741e8ae24ed98a6fa5c6350b266c631ff92f26cffdc7	0644	no	no		no	yes	/home/snehil/.config/quickshell/personal/Ui/PanelActionButton.qml	quickshell
home/.config/quickshell/personal/Ui/PanelController.qml	/home/snehil/.config/quickshell/personal/Ui/PanelController.qml	PRESERVE EXACTLY	4c08895559a2a7634f6513cb08eda6e05f6ac0bf3d940085229d594b2f383108	0644	no	no		no	yes	/home/snehil/.config/quickshell/personal/Ui/PanelController.qml	quickshell
home/.config/quickshell/personal/Ui/PanelHero.qml	/home/snehil/.config/quickshell/personal/Ui/PanelHero.qml	PRESERVE EXACTLY	bf0753e69c91c906b8f1e1a46cfbbd4326228e9d9abde1b4007ee86c0bf78f05	0644	no	no		no	yes	/home/snehil/.config/quickshell/personal/Ui/PanelHero.qml	quickshell
home/.config/quickshell/personal/Ui/PanelKeyCatcher.qml	/home/snehil/.config/quickshell/personal/Ui/PanelKeyCatcher.qml	PRESERVE EXACTLY	76abaf157317ea260b81591a614460dfbc7173f545963be25558ed5a8cddedb4	0644	no	no		no	yes	/home/snehil/.config/quickshell/personal/Ui/PanelKeyCatcher.qml	quickshell
home/.config/quickshell/personal/Ui/PanelSectionHeader.qml	/home/snehil/.config/quickshell/personal/Ui/PanelSectionHeader.qml	PRESERVE EXACTLY	ede63ff97dd3d4d2198b771cbb33dcd07b7026d64d92f1c624e71465d000115d	0644	no	no		no	yes	/home/snehil/.config/quickshell/personal/Ui/PanelSectionHeader.qml	quickshell
home/.config/quickshell/personal/Ui/PanelSeparator.qml	/home/snehil/.config/quickshell/personal/Ui/PanelSeparator.qml	PRESERVE EXACTLY	667cd49e89c5911fbe564904720b3d4073057e0b6fa38f03e55fa5949ccd195c	0644	no	no		no	yes	/home/snehil/.config/quickshell/personal/Ui/PanelSeparator.qml	quickshell
home/.config/quickshell/personal/Ui/PanelSlider.qml	/home/snehil/.config/quickshell/personal/Ui/PanelSlider.qml	PRESERVE EXACTLY	aa8fcf167324ff9eb60a219f037004482adbe2a30369af123d53956a81a93068	0644	no	no		no	yes	/home/snehil/.config/quickshell/personal/Ui/PanelSlider.qml	quickshell
home/.config/quickshell/personal/Ui/PanelToolTip.qml	/home/snehil/.config/quickshell/personal/Ui/PanelToolTip.qml	PRESERVE EXACTLY	5520685c2d160002cb4bd62c9e5da193003c071fca69b90e6012ebf0c8ee4ca3	0644	no	no		no	yes	/home/snehil/.config/quickshell/personal/Ui/PanelToolTip.qml	quickshell
home/.config/quickshell/personal/Ui/PluginBarApi.qml	/home/snehil/.config/quickshell/personal/Ui/PluginBarApi.qml	PRESERVE EXACTLY	91964a42b92c58476a4f961df35148d4c94071344ef1a69eab1563d1496705a7	0644	no	no		no	yes	/home/snehil/.config/quickshell/personal/Ui/PluginBarApi.qml	quickshell
home/.config/quickshell/personal/Ui/PointerMoveGate.qml	/home/snehil/.config/quickshell/personal/Ui/PointerMoveGate.qml	PRESERVE EXACTLY	6f494aadb3b7963c35167cf1b07505c237f27ef07e4fd386f7d041ec302af51a	0644	no	no		no	yes	/home/snehil/.config/quickshell/personal/Ui/PointerMoveGate.qml	quickshell
home/.config/quickshell/personal/Ui/PopupCard.qml	/home/snehil/.config/quickshell/personal/Ui/PopupCard.qml	PRESERVE EXACTLY	b3751c78dba9d3b6383c072c915c3d1ecf5e2227cc8417127323077df1f0af5a	0644	no	no		no	yes	/home/snehil/.config/quickshell/personal/Ui/PopupCard.qml	quickshell
home/.config/quickshell/personal/Ui/ScreenMoveRemap.qml	/home/snehil/.config/quickshell/personal/Ui/ScreenMoveRemap.qml	PRESERVE EXACTLY	ae09782672877502015e517c6f58565cf79b82e0aa1dc56ee5655989863ad8a7	0644	no	no		no	yes	/home/snehil/.config/quickshell/personal/Ui/ScreenMoveRemap.qml	quickshell
home/.config/quickshell/personal/Ui/SearchableDropdown.qml	/home/snehil/.config/quickshell/personal/Ui/SearchableDropdown.qml	PRESERVE EXACTLY	a30cff5297ba595235ead18c956b1268d140b3962375b5ed14d98f6ed0eecc10	0644	no	no		no	yes	/home/snehil/.config/quickshell/personal/Ui/SearchableDropdown.qml	quickshell
home/.config/quickshell/personal/Ui/SpeedTestOverlay.qml	/home/snehil/.config/quickshell/personal/Ui/SpeedTestOverlay.qml	PRESERVE EXACTLY	9986e7f309ec2b4f456712c433a60c3491407f236fdf836933aa1248757f71e1	0644	no	no		no	yes	/home/snehil/.config/quickshell/personal/Ui/SpeedTestOverlay.qml	quickshell
home/.config/quickshell/personal/Ui/TextField.qml	/home/snehil/.config/quickshell/personal/Ui/TextField.qml	PRESERVE EXACTLY	b3ad72f56f86c2df164e347d64205c099f77c5fb90933fabea3b0f2a9e2b3778	0644	no	no		no	yes	/home/snehil/.config/quickshell/personal/Ui/TextField.qml	quickshell
home/.config/quickshell/personal/Ui/Toggle.qml	/home/snehil/.config/quickshell/personal/Ui/Toggle.qml	PRESERVE EXACTLY	158aaa84cf1fff771b932bb1c79e00be19bee1bfeef2d27bfbd8aa4f1c416e6b	0644	no	no		no	yes	/home/snehil/.config/quickshell/personal/Ui/Toggle.qml	quickshell
home/.config/quickshell/personal/Ui/ToggleSwitch.qml	/home/snehil/.config/quickshell/personal/Ui/ToggleSwitch.qml	PRESERVE EXACTLY	6bfae25396c1d03979efd9a27130e03f11edc2c7062d1f0c0c252b30e60a9898	0644	no	no		no	yes	/home/snehil/.config/quickshell/personal/Ui/ToggleSwitch.qml	quickshell
home/.config/quickshell/personal/Ui/WidgetButton.qml	/home/snehil/.config/quickshell/personal/Ui/WidgetButton.qml	PRESERVE EXACTLY	a3cc74adca517b73a176eae0f93e976c24a3ec73b4b5855340b61b1ed2dcd08f	0644	no	no		no	yes	/home/snehil/.config/quickshell/personal/Ui/WidgetButton.qml	quickshell
home/.config/quickshell/personal/Ui/qmldir	/home/snehil/.config/quickshell/personal/Ui/qmldir	PRESERVE EXACTLY	b1f578a93d7a46350e7f53ac78af55d62ac053698c4ca1a67bb1b20ab78e10c1	0644	no	no		no	yes	/home/snehil/.config/quickshell/personal/Ui/qmldir	quickshell
home/.config/quickshell/personal/WorkspaceIndicator.qml	/home/snehil/.config/quickshell/personal/WorkspaceIndicator.qml	PRESERVE EXACTLY	b4424fb2064b6debc81acf49f8752e86b78ecb939ba0fa53a2fec1e2404817bf	0644	no	no		no	yes	/home/snehil/.config/quickshell/personal/WorkspaceIndicator.qml	quickshell
home/.config/quickshell/personal/WorkspaceIndicator.qml.before-v4	/home/snehil/.config/quickshell/personal/WorkspaceIndicator.qml.before-v4	PRESERVE EXACTLY	197c804e7f2882450577359db7661030cae77a6866030e8080860b3bf0b2d789	0644	no	no		no	yes	/home/snehil/.config/quickshell/personal/WorkspaceIndicator.qml.before-v4	quickshell
home/.config/quickshell/personal/WorkspaceIndicator.qml.before-v5	/home/snehil/.config/quickshell/personal/WorkspaceIndicator.qml.before-v5	PRESERVE EXACTLY	8995a411bc03ef3aef6f3a6eeb9698a69e4d630e377ae0444c8542daaf270ece	0644	no	no		no	yes	/home/snehil/.config/quickshell/personal/WorkspaceIndicator.qml.before-v5	quickshell
home/.config/quickshell/personal/WorkspaceIndicator.qml.before-v6	/home/snehil/.config/quickshell/personal/WorkspaceIndicator.qml.before-v6	PRESERVE EXACTLY	b4424fb2064b6debc81acf49f8752e86b78ecb939ba0fa53a2fec1e2404817bf	0644	no	no		no	yes	/home/snehil/.config/quickshell/personal/WorkspaceIndicator.qml.before-v6	quickshell
home/.config/quickshell/personal/panels/audio/Model.js	/home/snehil/.config/quickshell/personal/panels/audio/Model.js	PRESERVE EXACTLY	9e15d94b2076b039418339ea4e5f4bd305d80d8129a53fd6d3dfb67d1817e4b0	0644	no	no		no	yes	/home/snehil/.config/quickshell/personal/panels/audio/Model.js	quickshell
home/.config/quickshell/personal/panels/audio/Panel.qml	/home/snehil/.config/quickshell/personal/panels/audio/Panel.qml	PRESERVE EXACTLY	1c1da80d6c818151d8171953b784bcd840b13a68d9f1102bec9794134c75a6fc	0644	no	no		no	yes	/home/snehil/.config/quickshell/personal/panels/audio/Panel.qml	quickshell
home/.config/quickshell/personal/panels/battery/Panel.qml	/home/snehil/.config/quickshell/personal/panels/battery/Panel.qml	PRESERVE EXACTLY	459338c9ac330d311abe03a32d404801c45eee8035c71b3c69781e06f36c7576	0644	no	no		no	yes	/home/snehil/.config/quickshell/personal/panels/battery/Panel.qml	quickshell
home/.config/quickshell/personal/panels/bluetooth/Model.js	/home/snehil/.config/quickshell/personal/panels/bluetooth/Model.js	PRESERVE EXACTLY	b34f3259c6553f20ce37619d2f390cd3293303266f89f2a6df0b6810da384417	0644	no	no		no	yes	/home/snehil/.config/quickshell/personal/panels/bluetooth/Model.js	quickshell
home/.config/quickshell/personal/panels/bluetooth/Panel.qml	/home/snehil/.config/quickshell/personal/panels/bluetooth/Panel.qml	PRESERVE EXACTLY	9e39047706b9603b0ef062670d877691b4f2532176d2a44eae5cc827927f161c	0644	no	no		no	yes	/home/snehil/.config/quickshell/personal/panels/bluetooth/Panel.qml	quickshell
home/.config/quickshell/personal/panels/calendar/Panel.qml	/home/snehil/.config/quickshell/personal/panels/calendar/Panel.qml	PRESERVE EXACTLY	616ada7104bf2866e10dd44ac24fbca2d2a791cfa844a5f2443c38abdbba3a58	0644	no	no		no	yes	/home/snehil/.config/quickshell/personal/panels/calendar/Panel.qml	quickshell
home/.config/quickshell/personal/panels/network/Model.js	/home/snehil/.config/quickshell/personal/panels/network/Model.js	PRESERVE EXACTLY	8dadeb34154d410bd3909610d7f304a2eed2aac96f565741a1fd1ddd9eca70f7	0644	no	no		no	yes	/home/snehil/.config/quickshell/personal/panels/network/Model.js	quickshell
home/.config/quickshell/personal/panels/network/Panel.qml	/home/snehil/.config/quickshell/personal/panels/network/Panel.qml	PRESERVE EXACTLY	28a11f5d93b22a3ba15502ca8dd11b4c6e92c194602a062782589aeee11e33ee	0644	no	no		no	yes	/home/snehil/.config/quickshell/personal/panels/network/Panel.qml	quickshell
home/.config/quickshell/personal/panels/notifications/ToastHost.qml	/home/snehil/.config/quickshell/personal/panels/notifications/ToastHost.qml	PRESERVE EXACTLY	7f08fc321a5acd2aec04fc705fb9f639de56c32718b69f66d35e40f859ca34f5	0644	no	no		no	yes	/home/snehil/.config/quickshell/personal/panels/notifications/ToastHost.qml	quickshell
home/.config/quickshell/personal/panels/polkit/PolkitAgent.qml	/home/snehil/.config/quickshell/personal/panels/polkit/PolkitAgent.qml	PRESERVE EXACTLY	21edd233b404eaff588f407ef7843e3b1be5378f1df5abcf93f0ff88c4a8dfeb	0644	no	no		no	yes	/home/snehil/.config/quickshell/personal/panels/polkit/PolkitAgent.qml	quickshell
home/.config/quickshell/personal/panels/polkit/PolkitModel.js	/home/snehil/.config/quickshell/personal/panels/polkit/PolkitModel.js	PRESERVE EXACTLY	29c0b96b25fea18d8dcc1e61912f8906ff75c599b07f9bf8b0f8cc4f6fb985c9	0644	no	no		no	yes	/home/snehil/.config/quickshell/personal/panels/polkit/PolkitModel.js	quickshell
home/.config/quickshell/personal/panels/polkit/manifest.json	/home/snehil/.config/quickshell/personal/panels/polkit/manifest.json	PRESERVE EXACTLY	fad96d75efce40fc60cb131321daebc91a9268e5709333f19e452b43f43ce8f7	0644	no	no		no	yes	/home/snehil/.config/quickshell/personal/panels/polkit/manifest.json	quickshell
home/.config/quickshell/personal/panels/speedtest/Panel.qml	/home/snehil/.config/quickshell/personal/panels/speedtest/Panel.qml	PRESERVE EXACTLY	01ee5d4d7c0c348343a6c4a58d467f3b08ee9bb11478a28ef5d4bb99ca84658c	0644	no	no		no	yes	/home/snehil/.config/quickshell/personal/panels/speedtest/Panel.qml	quickshell
home/.config/quickshell/personal/panels/speedtest/manifest.json	/home/snehil/.config/quickshell/personal/panels/speedtest/manifest.json	PRESERVE EXACTLY	9f5840bbac773f7897d20f329ff7f30e55ac3d5cd8834cc7c6b735f5593b6ef8	0644	no	no		no	yes	/home/snehil/.config/quickshell/personal/panels/speedtest/manifest.json	quickshell
home/.config/quickshell/personal/panels/wifiqr/Model.js	/home/snehil/.config/quickshell/personal/panels/wifiqr/Model.js	PRESERVE EXACTLY	692d03d0a0e2abe1e673a14ec36a9aaf8c60f76a6db40334cbaca4cb15647061	0644	no	no		no	yes	/home/snehil/.config/quickshell/personal/panels/wifiqr/Model.js	quickshell
home/.config/quickshell/personal/panels/wifiqr/Panel.qml	/home/snehil/.config/quickshell/personal/panels/wifiqr/Panel.qml	PRESERVE EXACTLY	9d5fcfae82906b79a88eb9e23a56d5d72ad20ba8ca6abbee55af8a48eb53f5e0	0644	no	no		no	yes	/home/snehil/.config/quickshell/personal/panels/wifiqr/Panel.qml	quickshell
home/.config/quickshell/personal/panels/wifiqr/manifest.json	/home/snehil/.config/quickshell/personal/panels/wifiqr/manifest.json	PRESERVE EXACTLY	9d71877a2112500dc1bb7b834bb08f9d75204a11e734c4b46b8b0ce1997cfb78	0644	no	no		no	yes	/home/snehil/.config/quickshell/personal/panels/wifiqr/manifest.json	quickshell
home/.config/quickshell/personal/qs/Commons	/home/snehil/.config/quickshell/personal/qs/Commons	PRESERVE EXACTLY	bbb3a5362577dcc43c4e40f13ad25c8c883e9b9868404447b3f156d1aeecf66d	0777	no	yes	../Commons	no	yes	/home/snehil/.config/quickshell/personal/qs/Commons	quickshell
home/.config/quickshell/personal/qs/Ui	/home/snehil/.config/quickshell/personal/qs/Ui	PRESERVE EXACTLY	ad9b4571a7424bb57aa457113cdac21b6c67b500d24b414e83c430b7e6194d6d	0777	no	yes	../Ui	no	yes	/home/snehil/.config/quickshell/personal/qs/Ui	quickshell
home/.config/quickshell/personal/qs_apps.qml	/home/snehil/.config/quickshell/personal/qs_apps.qml	PRESERVE EXACTLY	a9097035bcf8a6501f0e96a4d4bfd68c5f50da733702cd0adcdab53844ce0a69	0644	no	no		no	yes	/home/snehil/.config/quickshell/personal/qs_apps.qml	quickshell
home/.config/quickshell/personal/qs_test_fileview.qml	/home/snehil/.config/quickshell/personal/qs_test_fileview.qml	PRESERVE EXACTLY	6620d1f889fc4692fb67d55fa82d4963ed9df9c08235fa1b1725b30929f5d79b	0644	no	no		no	yes	/home/snehil/.config/quickshell/personal/qs_test_fileview.qml	quickshell
home/.config/quickshell/personal/shell.qml	/home/snehil/.config/quickshell/personal/shell.qml	PRESERVE EXACTLY	a6c61dea50ccf847ba5aca7b20dc568bbf49c592fc234a4d9fef6bdcfa6b6a9c	0644	no	no		no	yes	/home/snehil/.config/quickshell/personal/shell.qml	quickshell
home/.config/quickshell/personal/shell.qml.before-workspaces-v3	/home/snehil/.config/quickshell/personal/shell.qml.before-workspaces-v3	PRESERVE EXACTLY	7ae538f31e0d0a33d324b1ec49672df39b9e2b5d3e9d5e51ef20112d0dd9c60b	0644	no	no		no	yes	/home/snehil/.config/quickshell/personal/shell.qml.before-workspaces-v3	quickshell
home/.config/quickshell/personal/test_proc.qml	/home/snehil/.config/quickshell/personal/test_proc.qml	PRESERVE EXACTLY	6e0ffb08efc8ecaef5f755fe729046c9f99cc8aa4c049458c8ce7215f1a94023	0644	no	no		no	yes	/home/snehil/.config/quickshell/personal/test_proc.qml	quickshell
home/.config/quickshell/personal/test_process.qml	/home/snehil/.config/quickshell/personal/test_process.qml	PRESERVE EXACTLY	67ce2acd75b4c85d27edfe46fd2a27a8a5e438a8a151270b8810256dab5bd73e	0644	no	no		no	yes	/home/snehil/.config/quickshell/personal/test_process.qml	quickshell
home/.config/quickshell/personal/test_upower.qml	/home/snehil/.config/quickshell/personal/test_upower.qml	PRESERVE EXACTLY	3ca264feaa84ef0819f419c642da3697b50a1b0ddd069f421189b00714844299	0644	no	no		no	yes	/home/snehil/.config/quickshell/personal/test_upower.qml	quickshell
home/.config/swash/settings.ini	/home/snehil/.config/swash/settings.ini	PRESERVE EXACTLY	0b50dfca06ef9390557cb3a1c4c62cd6ef8df0d6f70bed7a97ebfb803286c275	0644	no	no		no	no	/home/snehil/.config/swash/settings.ini	swash
home/.config/user-dirs.dirs	/home/snehil/.config/user-dirs.dirs	PRESERVE EXACTLY	f40be4b6772dc3b7ec699a0cc156bbb505ccc6965ae0b3254613e1d0e8bfb07c	0600	no	no		no	no	/home/snehil/.config/user-dirs.dirs	user-dirs.dirs
home/.config/user-dirs.locale	/home/snehil/.config/user-dirs.locale	PRESERVE EXACTLY	14342827c9d263bb8ee45a0bc748cbe6b7c1d5f0684d45bb9049827bc98ad96f	0644	no	no		no	no	/home/snehil/.config/user-dirs.locale	user-dirs.locale
home/.config/uwsm/env	/home/snehil/.config/uwsm/env	PRESERVE EXACTLY	892bd656298cb5272e31ce197e3f79e70dbbda0958bcfae7748707d408a03f49	0644	no	no		no	yes	/home/snehil/.config/uwsm/env	uwsm
home/.config/waybar/config.jsonc	/home/snehil/.config/waybar/config.jsonc	PRESERVE EXACTLY	b9b1fd9a69e3132f04e8c18d3fe43838a085660e38495648dd85208f32d7bdee	0644	no	no		no	yes	/home/snehil/.config/waybar/config.jsonc	waybar
home/.config/waybar/style.css	/home/snehil/.config/waybar/style.css	PRESERVE EXACTLY	c96a41f28e63d5b7b97da1d4ab78bcc3da0d6e6e8565fc410d44f7a8d3143150	0644	no	no		no	no	/home/snehil/.config/waybar/style.css	waybar
home/.config/xsettingsd/xsettingsd.conf	/home/snehil/.config/xsettingsd/xsettingsd.conf	PRESERVE EXACTLY	1a9de3d70fc1b180112e908853e43963af370dffb5897fa36145d733930ef36c	0644	no	no		no	no	/home/snehil/.config/xsettingsd/xsettingsd.conf	xsettingsd
home/.icons/default/index.theme	/home/snehil/.icons/default/index.theme	PRESERVE EXACTLY	2835dd132b7154873942c3efd4e5daf45b0ef7d1526181de82a05dfe32e9bf86	0644	no	no		no	no	/home/snehil/.icons/default/index.theme	default
home/.local/bin/personal-audio-input-set-default	/home/snehil/.local/bin/personal-audio-input-set-default	PRESERVE EXACTLY	db8c4a36d835617b0f1e3a94c83a7a359060ff26c564bea02f8fda12a93b367a	0755	yes	no		no	no	/home/snehil/.local/bin/personal-audio-input-set-default	bin
home/.local/bin/personal-audio-output-set-default	/home/snehil/.local/bin/personal-audio-output-set-default	PRESERVE EXACTLY	f5b9f1977dd6f526071265283cdbe1c0f145a1ae58b78127076d1d22b05b0531	0755	yes	no		no	no	/home/snehil/.local/bin/personal-audio-output-set-default	bin
home/.local/bin/personal-audio-output-sink	/home/snehil/.local/bin/personal-audio-output-sink	PRESERVE EXACTLY	23c262e236aed45d2b614d5a309ed38bf42e2ec17974f91effce128085bc49a4	0755	yes	no		no	no	/home/snehil/.local/bin/personal-audio-output-sink	bin
home/.local/bin/personal-audio-sink-availability	/home/snehil/.local/bin/personal-audio-sink-availability	PRESERVE EXACTLY	352d4958930802a5d16cc96d14821a296e83ff88027869853e335e45346f4164	0755	yes	no		no	no	/home/snehil/.local/bin/personal-audio-sink-availability	bin
home/.local/bin/personal-bluetooth-device	/home/snehil/.local/bin/personal-bluetooth-device	PRESERVE EXACTLY	abe9a3042c2bdb8af4ee0cae33f03f29919e9aabfe30e9c2c1deb45a4ba7d0d1	0755	yes	no		no	no	/home/snehil/.local/bin/personal-bluetooth-device	bin
home/.local/bin/personal-bluetooth-power	/home/snehil/.local/bin/personal-bluetooth-power	PRESERVE EXACTLY	4b071ba47f18b234c4cd7855b8c04d14c0721ffe088117c4764cc7015a21095f	0755	yes	no		no	no	/home/snehil/.local/bin/personal-bluetooth-power	bin
home/.local/bin/personal-cmd-present	/home/snehil/.local/bin/personal-cmd-present	PRESERVE EXACTLY	cb9ba1b2bc9c72902be150dad21b16823c8ea9356968c8444681ef545c306684	0755	yes	no		no	no	/home/snehil/.local/bin/personal-cmd-present	bin
home/.local/bin/personal-dns	/home/snehil/.local/bin/personal-dns	PRESERVE EXACTLY	e0c671cad47f5c030f2e32c42a331cd16b8047ad5103b07ceb94a41d600c5423	0755	yes	no		no	yes	/home/snehil/.local/bin/personal-dns	bin
home/.local/bin/personal-font-set	/home/snehil/.local/bin/personal-font-set	PRESERVE EXACTLY	f2d28290dd91ccc89f730b0f57912cc6200a7e4c9e34a4088e0388910e1080b4	0755	yes	no		no	no	/home/snehil/.local/bin/personal-font-set	bin
home/.local/bin/personal-kbd-osd	/home/snehil/.local/bin/personal-kbd-osd	PRESERVE EXACTLY	59371a18e2bc318bcd93843464dc55b2ab9e542d6e57696d5352b555f39d3ffe	0755	yes	no		no	yes	/home/snehil/.local/bin/personal-kbd-osd	bin
home/.local/bin/personal-kbd-osd-daemon	/home/snehil/.local/bin/personal-kbd-osd-daemon	PRESERVE EXACTLY	ac313aef864b3f842128286670385a4951c22973a1890a9c7b6fc764b5684f39	0755	yes	no		no	yes	/home/snehil/.local/bin/personal-kbd-osd-daemon	bin
home/.local/bin/personal-launch-browser	/home/snehil/.local/bin/personal-launch-browser	PRESERVE EXACTLY	5864e0a51ffab57bc08545abd58e3f137007d517fb3ce51b3edc3b357815d1bd	0755	yes	no		no	no	/home/snehil/.local/bin/personal-launch-browser	bin
home/.local/bin/personal-launch-floating-terminal-with-presentation	/home/snehil/.local/bin/personal-launch-floating-terminal-with-presentation	PRESERVE EXACTLY	ea65b26dcc29ad6d731d58660af8d25f0a6a2ec8eff816dc08067cbffdd7e162	0755	yes	no		no	no	/home/snehil/.local/bin/personal-launch-floating-terminal-with-presentation	bin
home/.local/bin/personal-network-band	/home/snehil/.local/bin/personal-network-band	PRESERVE EXACTLY	8ad21f9eb31b57f459a9c08425d97d8fbe0272b7445050930caa5a93c103f168	0755	yes	no		no	no	/home/snehil/.local/bin/personal-network-band	bin
home/.local/bin/personal-network-password	/home/snehil/.local/bin/personal-network-password	PRESERVE EXACTLY	fdd8de502d89d6ebd3a6df7df53c5d089e5e223fbd09747da3cd81814d35b0fc	0755	yes	no		no	no	/home/snehil/.local/bin/personal-network-password	bin
home/.local/bin/personal-network-qr	/home/snehil/.local/bin/personal-network-qr	PRESERVE EXACTLY	619b82eeea233061bdadea83566d91c065e231830c3333a41960a5a6221b96e0	0755	yes	no		no	no	/home/snehil/.local/bin/personal-network-qr	bin
home/.local/bin/personal-network-speedtest	/home/snehil/.local/bin/personal-network-speedtest	PRESERVE SANITIZED	1a933bf5f7e171653c24bf5da6867e69770f4aff8f26c21c013e8c35ef79b2a2	0755	yes	no		no	no	/home/snehil/.local/bin/personal-network-speedtest	bin
home/.local/bin/personal-network-status	/home/snehil/.local/bin/personal-network-status	PRESERVE EXACTLY	c3c6a674f4b9cab136cf031d87811cb7eac4a25fafc9982f000b4255dd5170a8	0755	yes	no		no	no	/home/snehil/.local/bin/personal-network-status	bin
home/.local/bin/personal-power-menu	/home/snehil/.local/bin/personal-power-menu	PRESERVE EXACTLY	eb41055882fadb0528e0f262765045cc382271cdca6b69adcdb0bae74db09982	0755	yes	no		no	no	/home/snehil/.local/bin/personal-power-menu	bin
home/.local/bin/personal-screenshot	/home/snehil/.local/bin/personal-screenshot	PRESERVE EXACTLY	de6a860b0fdc197a5aaafc95bfeabec22bbc89a6962a5785c5c68df2e3c0e899	0755	yes	no		no	no	/home/snehil/.local/bin/personal-screenshot	bin
home/.local/bin/personal-theme-apply	/home/snehil/.local/bin/personal-theme-apply	PRESERVE EXACTLY	402327b4183f0dded36cb5cb0c4452f854621042e4bfa117738c08b1d1c64d6e	0755	yes	no		no	yes	/home/snehil/.local/bin/personal-theme-apply	bin
home/.local/bin/personal-theme-apply.before-v3	/home/snehil/.local/bin/personal-theme-apply.before-v3	PRESERVE EXACTLY	159a430aa55a29bceddda46965012287e6b5ca0344f50c0df0ab575d180a1f13	0755	yes	no		no	yes	/home/snehil/.local/bin/personal-theme-apply.before-v3	bin
home/.local/bin/personal-wallpaper	/home/snehil/.local/bin/personal-wallpaper	PRESERVE EXACTLY	7b03673bbc14bd61f2d70c2b7d483cb3a783ee48dc4977216013206410618d9a	0755	yes	no		no	yes	/home/snehil/.local/bin/personal-wallpaper	bin
home/.vscode-oss/argv.template.json	/home/snehil/.vscode-oss/argv.json	PRESERVE SANITIZED	b702190f909cf129f7467596df72ee02def6c7ea1c7911056c1feeac8f7961f7	0644	no	no		no	no	/home/snehil/.vscode-oss/argv.json	argv.template.json
home/buildScripts/codex-desktop/PKGBUILD	/home/snehil/buildScripts/codex-desktop/PKGBUILD	PRESERVE EXACTLY	e01b317b9f6d08a5c5b70ab255f90010959de9957a09ceffe56cf05368d9d572	0644	no	no		no	no	/home/snehil/buildScripts/codex-desktop/PKGBUILD	codex-desktop
home/buildScripts/marktext/PKGBUILD	/home/snehil/buildScripts/marktext/PKGBUILD	PRESERVE EXACTLY	e071f28226d61c2cda37137a109f78bd0c9be2b5d1dfffa147c178ef30b70d32	0644	no	no		no	no	/home/snehil/buildScripts/marktext/PKGBUILD	marktext
home/dotfiles/.bash_profile	/home/snehil/.bash_profile	PRESERVE EXACTLY	2dc9d438b5c96483a63e6b941f6dcd7ca2c8fe92a6f7e94f45013564f58f9911	0644	no	no		no	no	/home/snehil/.bash_profile	.bash_profile
home/dotfiles/.bashrc	/home/snehil/.bashrc	PRESERVE EXACTLY	112b4e23515fbaf239f87c340e20dbabf7d55dc93489d0b4522fb695f6db6a54	0644	no	no		no	no	/home/snehil/.bashrc	.bashrc
home/dotfiles/.gtkrc-2.0	/home/snehil/.gtkrc-2.0	PRESERVE EXACTLY	c10df229ea74ea1c01e78f8a5b63067a3e22f75d4123c9df6afb9f1cebbc15cf	0644	no	no		no	no	/home/snehil/.gtkrc-2.0	.gtkrc-2.0
home/dotfiles/.p10k.zsh	/home/snehil/.p10k.zsh	PRESERVE EXACTLY	0f8f45c638c8f9590ccb4faa978af42df108c19166bf84d000779c81efe45220	0644	no	no		no	no	/home/snehil/.p10k.zsh	.p10k.zsh
home/dotfiles/.zshrc	/home/snehil/.zshrc	PRESERVE EXACTLY	4829cbae3ed9e195875b7905596b3b5e865861ad075fc7402adaa283373a9a6d	0644	no	no		no	no	/home/snehil/.zshrc	.zshrc
home/dotfiles/gitconfig.template	/home/snehil/.gitconfig	PRESERVE SANITIZED	e9d829a2b7138896e43850440d4ae7edc3f006c9e233f227576463e787efb283	0644	no	no		no	no	/home/snehil/.gitconfig	gitconfig.template
home/scripts/install_nvim_deps.sh	/home/snehil/install_nvim_deps.sh	PRESERVE EXACTLY	fa5f44fe608d79547c3ce396c5f96f74cedda0d67d06500325818a53b0f3d3d0	0755	yes	no		no	no	/home/snehil/install_nvim_deps.sh	install_nvim_deps.sh
home/scripts/install_osd.sh	/home/snehil/install_osd.sh	PRESERVE EXACTLY	149515603be0b769640cb8d8adf8c2562dcbabfd3a1143dc3ad6126f052c9d80	0755	yes	no		no	no	/home/snehil/install_osd.sh	install_osd.sh
home/scripts/install_sddm.sh	/home/snehil/install_sddm.sh	PRESERVE EXACTLY	36e720e49636a8543218d3e733ed1565d73e6a5316c23fe5c41804a23bb0a066	0755	yes	no		no	no	/home/snehil/install_sddm.sh	install_sddm.sh
system/etc/NetworkManager/conf.d/20-omarchy-dns.conf	/etc/NetworkManager/conf.d/20-omarchy-dns.conf	PRESERVE EXACTLY	fad36b7af6a92c9e9d3915e67a8137ffa73600a9f0f3d0115cb37b32360c455d	0644	no	no		no	no	/etc/NetworkManager/conf.d/20-omarchy-dns.conf	NetworkManager
system/etc/sddm.conf.d/autologin.conf	/etc/sddm.conf.d/autologin.conf	PRESERVE EXACTLY	a541da19ee4f2aced68ad7461ad8eb1294d0207356c9c89ae845f38693a19906	0644	no	no		no	yes	/etc/sddm.conf.d/autologin.conf	sddm.conf.d
system/etc/sddm.conf.d/theme.conf	/etc/sddm.conf.d/theme.conf	PRESERVE EXACTLY	523d77b8f40d1c9e0889e7fce4a320b0b3367a17228778653d312c8b1e42a7bc	0644	no	no		no	yes	/etc/sddm.conf.d/theme.conf	sddm.conf.d
system/etc/systemd/resolved.conf	/etc/systemd/resolved.conf	PRESERVE EXACTLY	8cd760c883f1785c03926a9b7b909cfdc4e3e7875764f76418f7a4a85fd80dc6	0644	no	no		no	no	/etc/systemd/resolved.conf	systemd
system/etc/systemd/system/personal-audio-router.service	/etc/systemd/system/personal-audio-router.service	PRESERVE EXACTLY	6912be762dc881dfba8af846b2ca710e015222cd874204b2c4b9c782215e4d76	0644	no	no		no	yes	/etc/systemd/system/personal-audio-router.service	systemd
system/usr/local/bin/personal-audio-router	/usr/local/bin/personal-audio-router	PRESERVE EXACTLY	a272c53909c8580ccb8b4840350fd48b93ee26e2d1978056622f4dfaf8e19b3c	0755	yes	no		no	yes	/usr/local/bin/personal-audio-router	local
generated-reference/home/.config/ghostty/themes/personal	/home/snehil/.config/ghostty/themes/personal	GENERATED REFERENCE	576a3a55b330395ec8efc359548781bce35995413417bb86eb707a0e0799bb06	0644	no	no		yes	no	/home/snehil/.config/ghostty/themes/personal	.config
generated-reference/home/.config/gtk-3.0/noctalia.css	/home/snehil/.config/gtk-3.0/noctalia.css	GENERATED REFERENCE	44d0c43846733eab350c998cd00122366a04d59a82396fe4e7b4375dea9d0955	0644	no	no		yes	no	/home/snehil/.config/gtk-3.0/noctalia.css	.config
generated-reference/home/.config/gtk-4.0/noctalia.css	/home/snehil/.config/gtk-4.0/noctalia.css	GENERATED REFERENCE	9e7dcf48663799fffbb011e13c46224bc3ecc05a4c74f1d3353b5e4c9b9cbbb4	0644	no	no		yes	no	/home/snehil/.config/gtk-4.0/noctalia.css	.config
generated-reference/home/.config/matugen/generated/palette.json	/home/snehil/.config/matugen/generated/palette.json	GENERATED REFERENCE	7d93e7cb2e5816cdc33df4d75173a5c7d542f04e6163ec42216b9c956cc7b8be	0644	no	no		yes	no	/home/snehil/.config/matugen/generated/palette.json	.config
generated-reference/home/.config/qt5ct/colors/noctalia.conf	/home/snehil/.config/qt5ct/colors/noctalia.conf	GENERATED REFERENCE	6a43e96add6462d1b8ad4fe17bbc0471511f62b5a35c22c9e3e3a1079343672d	0644	no	no		yes	no	/home/snehil/.config/qt5ct/colors/noctalia.conf	.config
generated-reference/home/.config/qt6ct/colors/noctalia.conf	/home/snehil/.config/qt6ct/colors/noctalia.conf	GENERATED REFERENCE	6a43e96add6462d1b8ad4fe17bbc0471511f62b5a35c22c9e3e3a1079343672d	0644	no	no		yes	no	/home/snehil/.config/qt6ct/colors/noctalia.conf	.config
generated-reference/home/.config/waybar/colors.css	/home/snehil/.config/waybar/colors.css	GENERATED REFERENCE	6ccd549dac6607546689c86ef911879f9520ddbc6e5476341e615d6629391935	0644	no	no		yes	no	/home/snehil/.config/waybar/colors.css	.config
